process,current_a_us,v3_a_us,v3_b_us,current_b_us,current_mean_us,v3_mean_us,ratio_x,reduction_percent
1,6.991,1.759,2.163,7.074,7.032,1.961,3.587,72.1
2,7.172,1.645,1.730,7.108,7.140,1.688,4.231,76.4
3,7.047,1.737,1.837,6.966,7.007,1.787,3.921,74.5
4,6.829,1.669,1.659,6.926,6.878,1.664,4.134,75.8
5,7.331,1.715,1.874,8.086,7.709,1.795,4.296,76.7
6,7.994,1.690,1.689,7.933,7.963,1.689,4.714,78.8
7,6.877,1.700,1.707,7.377,7.127,1.704,4.183,76.1
8,6.956,1.648,1.708,6.785,6.871,1.678,4.095,75.6
9,6.908,1.703,1.656,6.884,6.896,1.679,4.107,75.6
10,6.969,1.664,1.645,7.310,7.139,1.655,4.315,76.8
