process,current_a_us,v3_a_us,v3_b_us,current_b_us,current_mean_us,v3_mean_us,ratio_x,reduction_percent
1,7.352863,1.687586,1.672499,7.322883,7.337873,1.6800424999999999,4.36767105594055,77.10450289886457
2,6.915763,1.748391,1.844787,7.0915349999999995,7.003648999999999,1.796589,3.898303396046619,74.34781497473674
3,6.964921,1.654547,1.647254,6.975949,6.970435,1.6509005,4.222201762008067,76.31567470322871
4,7.42117,1.7113610000000001,1.7383119999999999,7.409578000000001,7.415374,1.7248364999999999,4.2991750232558275,76.73972344483232
5,7.222987,1.72901,1.783813,7.229951,7.226469,1.7564115,4.114337101527745,75.69474801593974
6,7.2505370000000005,1.777258,1.813992,7.104177,7.177357000000001,1.795625,3.9971358162199793,74.9820860241451
7,7.1301890000000006,1.653042,1.708322,6.98538,7.0577845,1.680682,4.199357463220288,76.18683313439224
8,6.910323,1.6662460000000001,1.678986,6.929182,6.9197524999999995,1.672616,4.137083765789637,75.82838403541167
9,7.059508,1.765685,1.650874,7.057840000000001,7.058674,1.7082795,4.132036941261661,75.7988610892074
10,7.119028,1.720273,1.72969,7.107772,7.1134,1.7249815,4.123754370699048,75.75025304355161
